filename,category,description
anniversary-chocolate-curl-hearts-001.jpg,anniversary,Chocolate Curl Hearts
anniversary-red-rose-silhouette-couple-002.jpg,anniversary,Red Rose Silhouette Couple
anniversary-calendar-heart-toppers-003.jpg,anniversary,Calendar Heart Toppers
anniversary-teal-white-floral-brush-004.jpg,anniversary,Teal White Floral Brush
anniversary-pink-white-floral-3tier-005.jpg,anniversary,Pink White Floral 3Tier
birthday-white-sprinkles-vanilla-001.jpg,birthday,White Sprinkles Vanilla
birthday-chocolate-ferrero-drip-002.jpg,birthday,Chocolate Ferrero Drip
birthday-chocolate-cone-overload-priya-003.jpg,birthday,Chocolate Cone Overload Priya
birthday-pink-rose-drip-rosette-004.jpg,birthday,Pink Rose Drip Rosette
birthday-chocolate-kitkat-curls-005.jpg,birthday,Chocolate Kitkat Curls
birthday-red-ruffle-cone-tier-006.jpg,birthday,Red Ruffle Cone Tier
birthday-gold-chocolate-cherry-007.jpg,birthday,Gold Chocolate Cherry
birthday-white-cone-chocolate-drip-008.jpg,birthday,White Cone Chocolate Drip
birthday-blue-hot-air-balloon-5-009.jpg,birthday,Blue Hot Air Balloon 5
birthday-fitness-themed-weights-010.jpg,birthday,Fitness Themed Weights
birthday-strawberry-7th-birthday-011.jpg,birthday,Strawberry 7Th Birthday
birthday-yellow-white-drip-gold-012.jpg,birthday,Yellow White Drip Gold
birthday-ocean-underwater-theme-013.jpg,birthday,Ocean Underwater Theme
birthday-chocolate-heart-drip-2tier-014.jpg,birthday,Chocolate Heart Drip 2Tier
birthday-gender-reveal-he-or-she-015.jpg,birthday,Gender Reveal He Or She
birthday-chocolate-gold-foil-drip-016.jpg,birthday,Chocolate Gold Foil Drip
birthday-colorful-drip-balloon-topper-017.jpg,birthday,Colorful Drip Balloon Topper
birthday-pink-white-pearl-balloons-018.jpg,birthday,Pink White Pearl Balloons
birthday-mac-makeup-pink-birthday-019.jpg,birthday,Mac Makeup Pink Birthday
birthday-mothers-day-pink-chocolate-020.jpg,birthday,Mothers Day Pink Chocolate
birthday-pink-floral-three-tier-elegant-021.jpg,birthday,Pink Floral Three Tier Elegant
birthday-pink-white-peony-three-tier-022.jpg,birthday,Pink White Peony Three Tier
birthday-pokemon-pikachu-yellow-spikes-023.jpg,birthday,Pokemon Pikachu Yellow Spikes
birthday-yellow-crown-tall-elegant-024.jpg,birthday,Yellow Crown Tall Elegant
birthday-yellow-black-spiral-candles-025.jpg,birthday,Yellow Black Spiral Candles
birthday-mint-white-chocolate-drip-026.jpg,birthday,Mint White Chocolate Drip
birthday-rainbow-butterscotch-sitanshu-027.jpg,birthday,Rainbow Butterscotch Sitanshu
birthday-chocolate-colorful-candy-028.jpg,birthday,Chocolate Colorful Candy
birthday-chocolate-candy-gems-029.jpg,birthday,Chocolate Candy Gems
birthday-gold-star-first-birthday-030.jpg,birthday,Gold Star First Birthday
birthday-yellow-monster-cake-031.jpg,birthday,Yellow Monster Cake
birthday-black-white-multicolor-cake-032.jpg,birthday,Black White Multicolor Cake
birthday-black-chocolate-sprinkle-033.jpg,birthday,Black Chocolate Sprinkle
birthday-chocolate-velvet-drip-034.jpg,birthday,Chocolate Velvet Drip
birthday-chocolate-gemstone-cake-035.jpg,birthday,Chocolate Gemstone Cake
birthday-chocolate-brown-shards-036.jpg,birthday,Chocolate Brown Shards
birthday-brown-white-swirl-pattern-037.jpg,birthday,Brown White Swirl Pattern
birthday-butterscotch-glory-black-orange-038.jpg,birthday,Butterscotch Glory Black Orange
birthday-pineapple-bliss-yellow-orange-039.jpg,birthday,Pineapple Bliss Yellow Orange
birthday-pink-geometric-quilted-party-040.jpg,birthday,Pink Geometric Quilted Party
birthday-black-gold-rose-drip-041.jpg,birthday,Black Gold Rose Drip
birthday-chocolate-claw-birthday-042.jpg,birthday,Chocolate Claw Birthday
birthday-white-rosette-confetti-043.jpg,birthday,White Rosette Confetti
birthday-pink-drip-balloon-044.jpg,birthday,Pink Drip Balloon
birthday-white-drip-name-045.jpg,birthday,White Drip Name
birthday-white-floral-cupcake-set-046.jpg,birthday,White Floral Cupcake Set
cupcakes-oreo-brownie-pairs-001.jpg,cupcakes,Oreo Brownie Pairs
kids-theme-minecraft-7th-birthday-001.jpg,kids-theme,Minecraft 7Th Birthday
kids-theme-gym-fitness-dumbbell-blue-002.jpg,kids-theme,Gym Fitness Dumbbell Blue
kids-theme-frozen-elsa-anna-olaf-003.jpg,kids-theme,Frozen Elsa Anna Olaf
kids-theme-rainbow-candyland-stars-004.jpg,kids-theme,Rainbow Candyland Stars
kids-theme-avengers-superhero-divyan-005.jpg,kids-theme,Avengers Superhero Divyan
kids-theme-barbie-pink-dress-doll-006.jpg,kids-theme,Barbie Pink Dress Doll
kids-theme-blue-balloon-priam-5-007.jpg,kids-theme,Blue Balloon Priam 5
kids-theme-camping-adventure-2tier-008.jpg,kids-theme,Camping Adventure 2Tier
kids-theme-pink-princess-girl-topper-009.jpg,kids-theme,Pink Princess Girl Topper
kids-theme-rainbow-unicorn-colorful-010.jpg,kids-theme,Rainbow Unicorn Colorful
kids-theme-unicorn-rainbow-face-011.jpg,kids-theme,Unicorn Rainbow Face
kids-theme-giraffe-safari-yellow-012.jpg,kids-theme,Giraffe Safari Yellow
kids-theme-ocean-sea-creatures-2-013.jpg,kids-theme,Ocean Sea Creatures 2
kids-theme-giraffe-spotted-yellow-014.jpg,kids-theme,Giraffe Spotted Yellow
kids-theme-anime-fire-character-2tier-015.jpg,kids-theme,Anime Fire Character 2Tier
kids-theme-bee-honeycomb-yellow-pink-016.jpg,kids-theme,Bee Honeycomb Yellow Pink
kids-theme-construction-yellow-hat-2tier-017.jpg,kids-theme,Construction Yellow Hat 2Tier
kids-theme-cat-figures-turquoise-pink-018.jpg,kids-theme,Cat Figures Turquoise Pink
kids-theme-peppa-pig-rainbow-drip-019.jpg,kids-theme,Peppa Pig Rainbow Drip
kids-theme-influencer-girl-social-media-020.jpg,kids-theme,Influencer Girl Social Media
kids-theme-hot-air-balloon-teddy-bear-021.jpg,kids-theme,Hot Air Balloon Teddy Bear
kids-theme-cocomelon-rainbow-4th-birthday-022.jpg,kids-theme,Cocomelon Rainbow 4Th Birthday
kids-theme-minnie-mouse-red-rosette-023.jpg,kids-theme,Minnie Mouse Red Rosette
kids-theme-barbie-doll-pink-yellow-rainbow-024.jpg,kids-theme,Barbie Doll Pink Yellow Rainbow
kids-theme-barbie-princess-cake-025.jpg,kids-theme,Barbie Princess Cake
kids-theme-creamsoda-character-birthday-026.jpg,kids-theme,Creamsoda Character Birthday
kids-theme-shin-chan-4th-birthday-multi-tier-027.jpg,kids-theme,Shin Chan 4Th Birthday Multi Tier
kids-theme-chocolate-panda-bear-028.jpg,kids-theme,Chocolate Panda Bear
kids-theme-unicorn-rainbow-029.jpg,kids-theme,Unicorn Rainbow
kids-theme-boss-baby-first-030.jpg,kids-theme,Boss Baby First
kids-theme-superman-blue-tier-031.jpg,kids-theme,Superman Blue Tier
kids-theme-barbie-pink-doll-032.jpg,kids-theme,Barbie Pink Doll
kids-theme-bear-polka-dot-blue-033.jpg,kids-theme,Bear Polka Dot Blue
kids-theme-bear-heart-pink-first-034.jpg,kids-theme,Bear Heart Pink First
others-designer-fashion-bags-tier-001.jpg,others,Designer Fashion Bags Tier
others-mini-caramel-cheesecake-002.jpg,others,Mini Caramel Cheesecake
others-designer-akku-luxury-bags-003.jpg,others,Designer Akku Luxury Bags
others-silver-rose-geode-tier-004.jpg,others,Silver Rose Geode Tier
others-blue-buttercream-floral-005.jpg,others,Blue Buttercream Floral
others-black-gold-drip-tier-006.jpg,others,Black Gold Drip Tier
others-quit-smoking-novelty-007.jpg,others,Quit Smoking Novelty
others-pastel-mint-pink-drip-008.jpg,others,Pastel Mint Pink Drip
others-mother-newborn-figurine-009.jpg,others,Mother Newborn Figurine
others-orange-glazed-lotus-010.jpg,others,Orange Glazed Lotus
others-turquoise-rose-spiral-2tier-011.jpg,others,Turquoise Rose Spiral 2Tier
others-vodka-bottle-luxury-noir-012.jpg,others,Vodka Bottle Luxury Noir
others-gold-silver-foil-rose-3tier-013.jpg,others,Gold Silver Foil Rose 3Tier
others-gold-white-rose-luxury-3tier-014.jpg,others,Gold White Rose Luxury 3Tier
others-golden-crown-rose-3tier-015.jpg,others,Golden Crown Rose 3Tier
others-chocolate-whiskey-beer-drip-016.jpg,others,Chocolate Whiskey Beer Drip
others-geode-blue-green-designer-017.jpg,others,Geode Blue Green Designer
others-geode-green-blue-mirror-018.jpg,others,Geode Green Blue Mirror
others-blue-geode-mirror-glaze-019.jpg,others,Blue Geode Mirror Glaze
others-yellow-ice-cream-cone-drip-020.jpg,others,Yellow Ice Cream Cone Drip
others-pubg-themed-cake-021.jpg,others,Pubg Themed Cake
others-modern-geode-cake-022.jpg,others,Modern Geode Cake
others-luxury-metallic-geodes-023.jpg,others,Luxury Metallic Geodes
others-luxury-metallic-geodes-024.jpg,others,Luxury Metallic Geodes
others-kitkat-wrap-chocolate-candy-025.jpg,others,Kitkat Wrap Chocolate Candy
others-chocolate-white-swirl-modern-026.jpg,others,Chocolate White Swirl Modern
others-ice-cream-cone-chocolate-027.jpg,others,Ice Cream Cone Chocolate
others-red-velvet-rose-product-slice-028.jpg,others,Red Velvet Rose Product Slice
others-multicolor-panel-designer-029.jpg,others,Multicolor Panel Designer
others-red-hijab-figure-030.jpg,others,Red Hijab Figure
others-red-hijab-figure-variant-031.jpg,others,Red Hijab Figure Variant
others-red-hijab-figure-alt-032.jpg,others,Red Hijab Figure Alt
others-feather-rock-designer-033.jpg,others,Feather Rock Designer
pastries-red-velvet-pastry-slice-001.jpg,pastries,Red Velvet Pastry Slice
pastries-pistachio-cream-pastry-002.jpg,pastries,Pistachio Cream Pastry
pastries-almond-mango-cream-pastry-003.jpg,pastries,Almond Mango Cream Pastry
pastries-lotus-biscoff-mini-cheesecake-004.jpg,pastries,Lotus Biscoff Mini Cheesecake
pastries-mocha-cream-cake-slice-005.jpg,pastries,Mocha Cream Cake Slice
pastries-chocolate-cheesecake-slice-006.jpg,pastries,Chocolate Cheesecake Slice
photo-print-teal-white-portrait-cake-001.jpg,photo-print,Teal White Portrait Cake
photo-print-fathers-day-photo-cake-002.jpg,photo-print,Fathers Day Photo Cake
photo-print-chocolate-ribbon-photo-face-003.jpg,photo-print,Chocolate Ribbon Photo Face
wedding-pink-rosette-couple-tier-001.jpg,wedding,Pink Rosette Couple Tier
wedding-pink-butterfly-three-tier-002.jpg,wedding,Pink Butterfly Three Tier
wedding-white-pink-bride-groom-003.jpg,wedding,White Pink Bride Groom
wedding-gold-pink-gradient-rings-004.jpg,wedding,Gold Pink Gradient Rings
wedding-blush-pink-rose-white-3tier-005.jpg,wedding,Blush Pink Rose White 3Tier
wedding-crown-gold-floral-2tier-006.jpg,wedding,Crown Gold Floral 2Tier
wedding-white-pearl-engaged-two-tier-007.jpg,wedding,White Pearl Engaged Two Tier
wedding-turquoise-pillared-cake-008.jpg,wedding,Turquoise Pillared Cake
wedding-turquoise-blue-roses-formal-009.jpg,wedding,Turquoise Blue Roses Formal
